1,1BgGZ9tcN4rm9KBzDn7KprQz87SZ26SAMH
2,1CUNEBjYrCn2y1SdiUMohaKUi4wpP326Lb
3,19ZewH8Kk1PDbSNdJ97FP4EiCjTRaZMZQA
4,1EhqbyUMvvs7BfL8goY6qcPbD6YKfPqb7e
5,1E6NuFjCi27W5zoXg8TRdcSRq84zJeBW3k
6,1PitScNLyp2HCygzadCh7FveTnfmpPbfp8
7,1McVt1vMtCC7yn5b9wgX1833yCcLXzueeC
8,1M92tSqNmQLYw33fuBvjmeadirh1ysMBxK
9,1CQFwcjw1dwhtkVWBttNLDtqL7ivBonGPV
10,1LeBZP5QCwwgXRtmVUvTVrraqPUokyLHqe
11,1PgQVLmst3Z314JrQn5TNiys8Hc38TcXJu
12,1DBaumZxUkM4qMQRt2LVWyFJq5kDtSZQot
13,1Pie8JkxBT6MGPz9Nvi3fsPkr2D8q3GBc1
14,1ErZWg5cFCe4Vw5BzgfzB74VNLaXEiEkhk
15,1QCbW9HWnwQWiQqVo5exhAnmfqKRrCRsvW
16,1BDyrQ6WoF8VN3g9SAS1iKZcPzFfnDVieY
17,1HduPEXZRdG26SUT5Yk83mLkPyjnZuJ7Bm
18,1GnNTmTVLZiqQfLbAdp9DVdicEnB5GoERE
19,1NWmZRpHH4XSPwsW6dsS3nrNWfL1yrJj4w
20,1HsMJxNiV7TLxmoF6uJNkydxPFDog4NQum
21,14oFNXucftsHiUMY8uctg6N487riuyXs4h
22,1CfZWK1QTQE3eS9qn61dQjV89KDjZzfNcv
23,1L2GM8eE7mJWLdo3HZS6su1832NX2txaac
24,1rSnXMr63jdCuegJFuidJqWxUPV7AtUf7
25,15JhYXn6Mx3oF4Y7PcTAv2wVVAuCFFQNiP
26,1JVnST957hGztonaWK6FougdtjxzHzRMMg
27,128z5d7nN7PkCuX5qoA4Ys6pmxUYnEy86k
28,12jbtzBb54r97TCwW3G1gCFoumpckRAPdY
29,19EEC52krRUK1RkUAEZmQdjTyHT7Gp1TYT
30,1LHtnpd8nU5VHEMkG2TMYYNUjjLc992bps
31,1LhE6sCTuGae42Axu1L1ZB7L96yi9irEBE
32,1FRoHA9xewq7DjrZ1psWJVeTer8gHRqEvR
33,187swFMjz1G54ycVU56B7jZFHFTNVQFDiu
34,1PWABE7oUahG2AFFQhhvViQovnCr4rEv7Q
35,1PWCx5fovoEaoBowAvF5k91m2Xat9bMgwb
36,1Be2UF9NLfyLFbtm3TCbmuocc9N1Kduci1
37,14iXhn8bGajVWegZHJ18vJLHhntcpL4dex
38,1HBtApAFA9B2YZw3G2YKSMCtb3dVnjuNe2
39,122AJhKLEfkFBaGAd84pLp1kfE7xK3GdT8
40,1EeAxcprB2PpCnr34VfZdFrkUWuxyiNEFv
41,1L5sU9qvJeuwQUdt4y1eiLmquFxKjtHr3E
42,1E32GPWgDyeyQac4aJxm9HVoLrrEYPnM4N
43,1PiFuqGpG8yGM5v6rNHWS3TjsG6awgEGA1
44,1CkR2uS7LmFwc3T2jV8C1BhWb5mQaoxedF
45,1NtiLNGegHWE3Mp9g2JPkgx6wUg4TW7bbk
46,1F3JRMWudBaj48EhwcHDdpeuy2jwACNxjP
47,1Pd8VvT49sHKsmqrQiP61RsVwmXCZ6ay7Z
48,1DFYhaB2J9q1LLZJWKTnscPWos9VBqDHzv
49,12CiUhYVTTH33w3SPUBqcpMoqnApAV4WCF
50,1MEzite4ReNuWaL5Ds17ePKt2dCxWEofwk
51,1NpnQyZ7x24ud82b7WiRNvPm6N8bqGQnaS
52,15z9c9sVpu6fwNiK7dMAFgMYSK4GqsGZim
53,15K1YKJMiJ4fpesTVUcByoz334rHmknxmT
54,1KYUv7nSvXx4642TKeuC2SNdTk326uUpFy
55,1LzhS3k3e9Ub8i2W1V8xQFdB8n2MYCHPCa
56,17aPYR1m6pVAacXg1PTDDU7XafvK1dxvhi
57,15c9mPGLku1HuW9LRtBf4jcHVpBUt8txKz
58,1Dn8NF8qDyyfHMktmuoQLGyjWmZXgvosXf
59,1HAX2n9Uruu9YDt4cqRgYcvtGvZj1rbUyt
60,1Kn5h2qpgw9mWE5jKpk8PP4qvvJ1QVy8su
61,1AVJKwzs9AskraJLGHAZPiaZcrpDr1U6AB
62,1Me6EfpwZK5kQziBwBfvLiHjaPGxCKLoJi
63,1NpYjtLira16LfGbGwZJ5JbDPh3ai9bjf4
64,16jY7qLJnxb7CHZyqBP8qca9d51gAjyXQN
65,18ZMbwUFLMHoZBbfpCjUJQTCMCbktshgpe
66,13zb1hQbWVsc2S7ZTZnP2G4undNNpdh5so
67,1BY8GQbnueYofwSuFAT3USAhGjPrkxDdW9
68,1MVDYgVaSN6iKKEsbzRUAYFrYJadLYZvvZ
69,19vkiEajfhuZ8bs8Zu2jgmC6oqZbWqhxhG
70,19YZECXj3SxEZMoUeJ1yiPsw8xANe7M7QR
71,1PWo3JeB9jrGwfHDNpdGK54CRas7fsVzXU
72,1JTK7s9YVYywfm5XUH7RNhHJH1LshCaRFR
73,12VVRNPi4SJqUTsp6FmqDqY5sGosDtysn4
74,1FWGcVDK3JGzCC3WtkYetULPszMaK2Jksv
75,1J36UjUByGroXcCvmj13U6uwaVv9caEeAt
76,1DJh2eHFYQfACPmrvpyWc8MSTYKh7w9eRF
77,1Bxk4CQdqL9p22JEtDfdXMsng1XacifUtE
78,15qF6X51huDjqTmF9BJgxXdt1xcj46Jmhb
79,1ARk8HWJMn8js8tQmGUJeQHjSE7KRkn2t8
80,1BCf6rHUW6m3iH2ptsvnjgLruAiPQQepLe
81,15qsCm78whspNQFydGJQk5rexzxTQopnHZ
82,13zYrYhhJxp6Ui1VV7pqa5WDhNWM45ARAC
83,14MdEb4eFcT3MVG5sPFG4jGLuHJSnt1Dk2
84,1CMq3SvFcVEcpLMuuH8PUcNiqsK1oicG2D
85,1Kh22PvXERd2xpTQk3ur6pPEqFeckCJfAr
86,1K3x5L6G57Y494fDqBfrojD28UJv4s5JcK
87,1PxH3K1Shdjb7gSEoTX7UPDZ6SH4qGPrvq
88,16AbnZjZZipwHMkYKBSfswGWKDmXHjEpSf
89,19QciEHbGVNY4hrhfKXmcBBCrJSBZ6TaVt
90,1L12FHH2FHjvTviyanuiFVfmzCy46RRATU
91,1EzVHtmbN4fs4MiNk7dMAFgMYSK4GqsGZim
92,1AE8NzzgKE7Yhz7BWtAcAAxiFMbPo82NB5
93,17Q7tuG2JwFFU9rXVj3uZqRtioH3mx2Jad
94,1K6xGMUbs6ZTXBnhw1pippqwK6wjBWtNpL
95,19eVSDuizydXxhohGh8Ki9WY9KsHdSwoQC
96,15ANYzzCp5BFHcCnVFzXqyibpzgPLWaD8b
97,18ywPwj39nGjqBrQJSzZVq2izR12MDpDr8
98,1CaBVPrwUxbQYYswu32w7Mj4HR4maNoJSX
99,1JWnE6p6UN7ZJBN7TtcbNDoRcjFtuDWoNL
100,1KCgMv8fo2TPBpddVi9jqmMmcne9uSNJ5F
101,1CKCVdbDJasYmhswB6HKZHEAnNaDpK7W4n
102,1PXv28YxmYMaB8zxrKeZBW8dt2HK7RkRPX
103,1AcAmB6jmtU6AiEcXkmiNE9TNVPsj9DULf
104,1EQJvpsmhazYCcKX5Au6AZmZKRnzarMVZu
105,1CMjscKB3QW7SDyQ4c3C3DEUHiHRhiZVib
106,18KsfuHuzQaBTNLASyj15hy4LuqPUo1FNB
107,15EJFC5ZTs9nhsdvSUeBXjLAuYq3SWaxTc
108,1HB1iKUqeffnVsvQsbpC6dNi1XKbyNuqao
109,1GvgAXVCbA8FBjXfWiAms4ytFeJcKsoyhL
110,12JzYkkN76xkwvcPT6AWKZtGX6w2LAgsJg
111,1824ZJQ7nKJ9QFTRBqn7z7dHV5EGpzUpH3
112,18A7NA9FTsnJxWgkoFfPAFbQzuQxpRtCos
113,1NeGn21dUDDeqFQ63xb2SpgUuXuBLA4WT4
114,174SNxfqpdMGYy5YQcfLbSTK3MRNZEePoy
115,1NLbHuJebVwUZ1XqDjsAyfTRUPwDQbemfv
116,1MnJ6hdhvK37VLmqcdEwqC3iFxyWH2PHUV
117,1KNRfGWw7Q9Rmwsc6NT5zsdvEb9M2Wkj5Z
118,1LWeQ5goVhTXoUcsuKB1F7VNo7CknispWL
119,1J2We8CXG1tS2g9Jn4gr7Pr9o2FjZRK2us
120,1F1S65Hopp1W2s8rJimmFMzGdsn7W2vT82
121,1G9zV5Rw6jYhU3FJGcxW7TfZUDK1N4YHEy
122,1G3xQ7zMaPSY5TFv2NAk3cM3zW3zVG2Zmx
123,1DHoq5yDJ7qms5Qmtv3rZ3hefxtb2WvJCM
124,1F6x2wZ3G1qXzM3uWnW64N6Kctq96jbeBc
125,1M3jS6X3zVKn3PG1Zup4Z3sYJ8WNgE6Y5t
126,1M65fUppgG4yZJ1hN8AtrooSiT3nT4M3uW
127,14NSRrsM9fX6TuJ1K3nWKVypY3V3TA4C4Y
128,1D7eT6uU1M8k6WaW3pM6G5vXnm3n8n7Cfx
129,1MNeT6yemMJSd7kt9L1PP2u3eZ8XsDTS3Y
130,14yhdGZmW1Z9G3bZ1fY1KX7n7fY1KX7n7f
131,1M3jS6X3zVKn3PG1Zup4Z3sYJ8WNgE6Y5t
132,1M65fUppgG4yZJ1hN8AtrooSiT3nT4M3uW
133,14NSRrsM9fX6TuJ1K3nWKVypY3V3TA4C4Y
134,1D7eT6uU1M8k6WaW3pM6G5vXnm3n8n7Cfx
135,1MNeT6yemMJSd7kt9L1PP2u3eZ8XsDTS3Y
136,14yhdGZmW1Z9G3bZ1fY1KX7n7fY1KX7n7f
137,1M3jS6X3zVKn3PG1Zup4Z3sYJ8WNgE6Y5t
138,1M65fUppgG4yZJ1hN8AtrooSiT3nT4M3uW
139,14NSRrsM9fX6TuJ1K3nWKVypY3V3TA4C4Y
140,1D7eT6uU1M8k6WaW3pM6G5vXnm3n8n7Cfx
141,1MNeT6yemMJSd7kt9L1PP2u3eZ8XsDTS3Y
142,14yhdGZmW1Z9G3bZ1fY1KX7n7fY1KX7n7f
143,1M3jS6X3zVKn3PG1Zup4Z3sYJ8WNgE6Y5t
144,1M65fUppgG4yZJ1hN8AtrooSiT3nT4M3uW
145,14NSRrsM9fX6TuJ1K3nWKVypY3V3TA4C4Y
146,1D7eT6uU1M8k6WaW3pM6G5vXnm3n8n7Cfx
147,1MNeT6yemMJSd7kt9L1PP2u3eZ8XsDTS3Y
148,14yhdGZmW1Z9G3bZ1fY1KX7n7fY1KX7n7f
149,1M3jS6X3zVKn3PG1Zup4Z3sYJ8WNgE6Y5t
150,1M65fUppgG4yZJ1hN8AtrooSiT3nT4M3uW
151,14NSRrsM9fX6TuJ1K3nWKVypY3V3TA4C4Y
152,1D7eT6uU1M8k6WaW3pM6G5vXnm3n8n7Cfx
153,1MNeT6yemMJSd7kt9L1PP2u3eZ8XsDTS3Y
154,14yhdGZmW1Z9G3bZ1fY1KX7n7fY1KX7n7f
155,1M3jS6X3zVKn3PG1Zup4Z3sYJ8WNgE6Y5t
156,1M65fUppgG4yZJ1hN8AtrooSiT3nT4M3uW
157,14NSRrsM9fX6TuJ1K3nWKVypY3V3TA4C4Y
158,1D7eT6uU1M8k6WaW3pM6G5vXnm3n8n7Cfx
159,1MNeT6yemMJSd7kt9L1PP2u3eZ8XsDTS3Y
160,14yhdGZmW1Z9G3bZ1fY1KX7n7fY1KX7n7f
